{
    "servo_1": {
        "period_ms": 20,
        "max_angle": 180,
        "min_duty_ms": 0.5,
        "max_duty_ms": 2.5,
        "min_speed_d_s": 9.411816306749648,
        "max_speed_d_s": 562.392625188036,
        "speed_config": {
            "1": {
                "min_speed": 9.411816306749648,
                "max_speed": 49.44323414747435,
                "params": [
                    988.7139801920051,
                    0.05459102695516187
                ],
                "mae": "0.0116 degree/s"
            },
            "2": {
                "min_speed": 18.718422658571264,
                "max_speed": 98.29617849370638,
                "params": [
                    1965.4699728186097,
                    0.1255812220336843
                ],
                "mae": "0.0284 degree/s"
            },
            "3": {
                "min_speed": 27.92474879898169,
                "max_speed": 146.73962300939212,
                "params": [
                    2934.1223153527094,
                    0.15793478181774906
                ],
                "mae": "0.035 degree/s"
            },
            "4": {
                "min_speed": 37.03170795329146,
                "max_speed": 194.58575682506407,
                "params": [
                    3890.4835063877586,
                    0.2159120381920759
                ],
                "mae": "0.0463 degree/s"
            },
            "5": {
                "min_speed": 47.31734532792006,
                "max_speed": 248.5952555388318,
                "params": [
                    4968.626107648287,
                    0.3056762221808689
                ],
                "mae": "0.067 degree/s"
            },
            "6": {
                "min_speed": 56.78010054465005,
                "max_speed": 298.32468909371573,
                "params": [
                    5964.595628782129,
                    0.3403905233402497
                ],
                "mae": "0.0721 degree/s"
            },
            "7": {
                "min_speed": 65.5137381413528,
                "max_speed": 344.19230414116976,
                "params": [
                    6882.156763740821,
                    0.39266159949427726
                ],
                "mae": "0.0845 degree/s"
            },
            "8": {
                "min_speed": 74.05916587255285,
                "max_speed": 388.9968716590639,
                "params": [
                    7777.89577509832,
                    0.47178449581653936
                ],
                "mae": "0.103 degree/s"
            },
            "9": {
                "min_speed": 81.11197454958227,
                "max_speed": 426.128674354271,
                "params": [
                    8520.451804834503,
                    0.49297619716888064
                ],
                "mae": "0.1099 degree/s"
            },
            "10": {
                "min_speed": 89.65064979612771,
                "max_speed": 471.0430264125051,
                "params": [
                    9417.321841067464,
                    0.5410522716822306
                ],
                "mae": "0.1178 degree/s"
            },
            "11": {
                "min_speed": 100.19945397142553,
                "max_speed": 526.201642182363,
                "params": [
                    10520.873981769375,
                    0.6732489729766734
                ],
                "mae": "0.1558 degree/s"
            },
            "12": {
                "min_speed": 106.45540337950152,
                "max_speed": 559.0025082225154,
                "params": [
                    11177.030187954713,
                    0.7303126848669449
                ],
                "mae": "0.1665 degree/s"
            },
            "13": {
                "min_speed": 121.65596510056952,
                "max_speed": 522.3491161060726,
                "params": [
                    12791.45200696122,
                    0.5456134613260712
                ],
                "mae": "0.0924 degree/s"
            },
            "14": {
                "min_speed": 131.02785198121614,
                "max_speed": 562.392625188036,
                "params": [
                    13772.837683273556,
                    0.6283036189783117
                ],
                "mae": "0.1187 degree/s"
            }
        }
    }
}